iter	Logloss
0	0.4314631785
1	0.2683278845
2	0.2249860843
3	0.1990473193
4	0.1831883624
